{"cameraMode":{"drawMode":0,"name":"Shaded","section":"Shading Mode"},"sceneLighting":true,"audioPlay":false,"sceneViewState":{"m_AlwaysRefresh":false,"showFog":true,"showSkybox":true,"showFlares":true,"showImageEffects":true,"showParticleSystems":true,"showVisualEffectGraphs":true,"m_FxEnabled":true},"in2DMode":false,"pivot":{"x":-42.04297637939453,"y":4.740496635437012,"z":-38.006351470947269},"rotation":{"x":0.14169315993785859,"y":0.3770656883716583,"z":-0.058492112904787067,"w":0.9134134650230408},"size":12.845266342163086,"orthographic":false}