{"cameraMode":{"drawMode":0,"name":"Shaded","section":"Shading Mode"},"sceneLighting":true,"audioPlay":false,"sceneViewState":{"m_AlwaysRefresh":false,"showFog":true,"showSkybox":true,"showFlares":true,"showImageEffects":true,"showParticleSystems":true,"showVisualEffectGraphs":true,"m_FxEnabled":true},"in2DMode":false,"pivot":{"x":1.4502959251403809,"y":0.8217868804931641,"z":-5.12171745300293},"rotation":{"x":0.049403540790081027,"y":0.7804812788963318,"z":-0.062179386615753177,"w":0.6201174855232239},"size":2.566152811050415,"orthographic":false}