{"cameraMode":{"drawMode":0,"name":"Shaded","section":"Shading Mode"},"sceneLighting":true,"audioPlay":false,"sceneViewState":{"m_AlwaysRefresh":false,"showFog":true,"showSkybox":true,"showFlares":true,"showImageEffects":true,"showParticleSystems":true,"showVisualEffectGraphs":true,"m_FxEnabled":true},"in2DMode":false,"pivot":{"x":-0.7004961967468262,"y":2.1329972743988039,"z":-3.9058895111083986},"rotation":{"x":-0.12593813240528108,"y":-0.2581428289413452,"z":0.03396138921380043,"w":-0.9572613835334778},"size":4.550985336303711,"orthographic":false}